path,conference,heading,label
R001.pdf,,Transdimensional Properties of Graphite in Relation to Cheese Consumption on Tuesday Afternoons,Non-Publishable
R002.pdf,,Synergistic Convergence of Photosynthetic Pathways in Subterranean Fungal Networks,Non-Publishable
R003.pdf,,Deciphering the Enigmatic Properties of Metals through a Critical Examination of Geometry,Non-Publishable
R004.pdf,,AI-Driven Personalization in Online Education Platforms: Harnessing the Power of Artificial Intelligence to Revolutionize Learning Experiences,Non-Publishable
R005.pdf,,Analyzing Real-Time Group Coordination in Augmented Dance Performances: An LSTM-Based Gesture Modeling Approach,Non-Publishable
R006.pdf,CVPR,Detailed Action Identification in Baseball Game Recordings,Publishable
R007.pdf,CVPR,Advancements in 3D Food Modeling: A Review of the MetaFood Challenge Techniques and Outcomes,Publishable
R008.pdf,EMNLP,Advanced techniques for through and contextually Interpreting Noun-Noun Compounds,Publishable
R009.pdf,EMNLP,The Importance of Written Explanations in Aggregating Crowdsourced Predictions,Publishable
R010.pdf,KDD,Detecting Medication Usage in Parkinsonâ€™s Disease Through Multi-modal Indoor Positioning: A Pilot Study in a Naturalistic Environment,Publishable
R011.pdf,KDD,Addressing Popularity Bias with Popularity-Conscious Alignment and Contrastive Learning,Publishable
R012.pdf,NeurIPS,Safe Predictors for Input-Output Specification Enforcement,Publishable
R013.pdf,NeurIPS,Generalization in ReLU Networks via Restricted Isometry and Norm Concentration,Publishable
R014.pdf,TMLR,Addressing Min-Max Challenges in Nonconvex-Nonconcave Problems with Solutions Exhibiting Weak Minty Properties,Publishable
R015.pdf,TMLR,Examining the Convergence of Denoising Diffusion Probabilistic Models: A Quantitative Analysis,Publishable
